mix,snr_tag,in_05,in_07,out_05,out_07
Punkdisco_-_Oral_Hygiene__snrm3,m3,0.9147286821705426,0.8660022148394242,0.0027731558513588465,0.0
AM_Contra_-_Heart_Peripheral__snrp10,p10,0.9789590254706534,0.9656699889258029,0.0027731558513588465,0.0
Forkupines_-_Semantics__snrp3,p3,0.9102990033222591,0.8615725359911407,0.013311148086522463,0.007210205213533
Motor_Tapes_-_Shore__snrp3,p3,0.7441860465116279,0.6622369878183831,0.0033277870216306157,0.0
Hollow_Ground_-_Ill_Fate__snrp3,p3,0.9534883720930233,0.9346622369878184,0.048807542983915694,0.02273987798114254
Louis_Cressy_Band_-_Good_Time__snrp3,p3,0.9191583610188261,0.8704318936877077,0.12035496394897394,0.056572379367720464
PR_-_Oh_No__snrp10,p10,0.9878183831672204,0.9579180509413068,0.24126455906821964,0.15196894065446478
Punkdisco_-_Oral_Hygiene__snrp3,p3,0.9479512735326688,0.929125138427464,0.0027731558513588465,0.0
Timboz_-_Pony__snrm3,m3,0.8947951273532669,0.8361018826135105,0.04215196894065446,0.026067665002773157
Arise_-_Run_Run_Run__snrp3,p3,0.9590254706533776,0.9390919158361019,0.036605657237936774,0.017193566278424846
The_Mountaineering_Club_-_Mallory__snrp3,p3,0.955703211517165,0.9213732004429679,0.04603438713255685,0.016638935108153077
Arise_-_Run_Run_Run__snrm3,m3,0.9512735326688815,0.8981173864894795,0.036605657237936774,0.017193566278424846
Forkupines_-_Semantics__snrp10,p10,0.964562569213732,0.937984496124031,0.013311148086522463,0.007210205213533
The_Mountaineering_Club_-_Mallory__snrm3,m3,0.893687707641196,0.813953488372093,0.04603438713255685,0.016638935108153077
Moosmusic_-_Big_Dummy_Shake__snrm3,m3,0.689922480620155,0.5802879291251384,0.043815862451469775,0.027176927343316695
Secretariat_-_Borderline__snrp10,p10,0.9623477297895903,0.9280177187153932,0.022185246810870772,0.013865779256794232
Moosmusic_-_Big_Dummy_Shake__snrp3,p3,0.8682170542635659,0.7995570321151716,0.043815862451469775,0.027176927343316695
AM_Contra_-_Heart_Peripheral__snrp3,p3,0.9534883720930233,0.937984496124031,0.0027731558513588465,0.0
Buitraker_-_Revo_X__snrm3,m3,0.8947951273532669,0.8516057585825028,0.026622296173044926,0.014420410427066
Buitraker_-_Revo_X__snrp3,p3,0.973421926910299,0.9390919158361019,0.026622296173044926,0.014420410427066
MERC_Music_-_Knockout__snrm3,m3,0.8261351052048727,0.7198228128460686,0.09983361064891846,0.043815862451469775
Little_Chicagos_Finest_-_My_Own__snrp10,p10,0.9745293466223699,0.9091915836101883,0.00776483638380477,0.0005546311702717693
The_Sunshine_Garcia_Band_-_For_I_Am_The_Moon__snrp10,p10,0.9667774086378738,0.946843853820598,0.10981697171381032,0.05490848585690516
MERC_Music_-_Knockout__snrp10,p10,0.9767441860465116,0.9612403100775194,0.09983361064891846,0.043815862451469775
Al_James_-_Schoolboy_Facination__snrp3,p3,0.929125138427464,0.8992248062015504,0.14864115363283417,0.07265668330560178
Little_Chicagos_Finest_-_My_Own__snrm3,m3,0.7464008859357697,0.6688815060908084,0.00776483638380477,0.0005546311702717693
Motor_Tapes_-_Shore__snrp10,p10,0.8947951273532669,0.8604651162790697,0.0033277870216306157,0.0
Secretariat_-_Borderline__snrm3,m3,0.7829457364341085,0.6866002214839424,0.022185246810870772,0.013865779256794232
Louis_Cressy_Band_-_Good_Time__snrp10,p10,0.9933554817275747,0.9612403100775194,0.12035496394897394,0.056572379367720464
Ben_Carrigan_-_Well_Talk_About_It_All_Tonight__snrm3,m3,0.884828349944629,0.8172757475083057,0.01608430393788131,0.0033277870216306157
Moosmusic_-_Big_Dummy_Shake__snrp10,p10,0.9512735326688815,0.9158361018826136,0.043815862451469775,0.027176927343316695
Hollow_Ground_-_Ill_Fate__snrm3,m3,0.9125138427464009,0.8826135105204873,0.048807542983915694,0.02273987798114254
Timboz_-_Pony__snrp10,p10,0.9878183831672204,0.9811738648947951,0.04215196894065446,0.026067665002773157
Signe_Jakobsen_-_What_Have_You_Done_To_Me__snrp3,p3,0.9357696566998892,0.9003322259136213,0.016638935108153077,0.007210205213533
The_Mountaineering_Club_-_Mallory__snrp10,p10,0.9723145071982281,0.955703211517165,0.04603438713255685,0.016638935108153077
MERC_Music_-_Knockout__snrp3,p3,0.9368770764119602,0.8981173864894795,0.09983361064891846,0.043815862451469775
Hollow_Ground_-_Ill_Fate__snrp10,p10,0.9833887043189369,0.9689922480620154,0.048807542983915694,0.02273987798114254
Zeno_-_Signs__snrp3,p3,0.9424141749723145,0.9169435215946844,0.15418746533555186,0.10427066001109263
AM_Contra_-_Heart_Peripheral__snrm3,m3,0.9136212624584718,0.8682170542635659,0.0027731558513588465,0.0
Little_Chicagos_Finest_-_My_Own__snrp3,p3,0.8815060908084164,0.7929125138427464,0.00776483638380477,0.0005546311702717693
PR_-_Oh_No__snrm3,m3,0.8427464008859358,0.7641196013289037,0.24126455906821964,0.15196894065446478
Timboz_-_Pony__snrp3,p3,0.9789590254706534,0.9568106312292359,0.04215196894065446,0.026067665002773157
Al_James_-_Schoolboy_Facination__snrm3,m3,0.8438538205980066,0.7718715393133998,0.14864115363283417,0.07265668330560178
Motor_Tapes_-_Shore__snrm3,m3,0.5016611295681063,0.37209302325581395,0.0033277870216306157,0.0
Ben_Carrigan_-_Well_Talk_About_It_All_Tonight__snrp10,p10,0.9811738648947951,0.9745293466223699,0.01608430393788131,0.0033277870216306157
Forkupines_-_Semantics__snrm3,m3,0.82281284606866,0.7375415282392026,0.013311148086522463,0.007210205213533
PR_-_Oh_No__snrp3,p3,0.9280177187153932,0.893687707641196,0.24126455906821964,0.15196894065446478
Signe_Jakobsen_-_What_Have_You_Done_To_Me__snrm3,m3,0.7585825027685493,0.6710963455149501,0.016638935108153077,0.007210205213533
Punkdisco_-_Oral_Hygiene__snrp10,p10,0.9778516057585825,0.9667774086378738,0.0027731558513588465,0.0
Zeno_-_Signs__snrm3,m3,0.8892580287929125,0.82281284606866,0.15474209650582363,0.10427066001109263
Arise_-_Run_Run_Run__snrp10,p10,0.9634551495016611,0.9501661129568106,0.036605657237936774,0.017193566278424846
Al_James_-_Schoolboy_Facination__snrp10,p10,0.9789590254706534,0.9512735326688815,0.14919578480310594,0.07265668330560178
Buitraker_-_Revo_X__snrp10,p10,0.9922480620155039,0.9723145071982281,0.026622296173044926,0.014420410427066
Secretariat_-_Borderline__snrp3,p3,0.9102990033222591,0.867109634551495,0.022185246810870772,0.013865779256794232
Ben_Carrigan_-_Well_Talk_About_It_All_Tonight__snrp3,p3,0.9424141749723145,0.9313399778516057,0.01608430393788131,0.0033277870216306157
Zeno_-_Signs__snrp10,p10,0.9745293466223699,0.9545957918050941,0.1536328341652801,0.10427066001109263
The_Sunshine_Garcia_Band_-_For_I_Am_The_Moon__snrp3,p3,0.9512735326688815,0.9357696566998892,0.10981697171381032,0.05490848585690516
Louis_Cressy_Band_-_Good_Time__snrm3,m3,0.7807308970099668,0.6976744186046512,0.11980033277870217,0.056572379367720464
Signe_Jakobsen_-_What_Have_You_Done_To_Me__snrp10,p10,0.9689922480620154,0.9545957918050941,0.016638935108153077,0.007210205213533
The_Sunshine_Garcia_Band_-_For_I_Am_The_Moon__snrm3,m3,0.9246954595791805,0.8726467331118494,0.10981697171381032,0.05490848585690516
