track,branch,role,sdr,sir,sar
Al_James_-_Schoolboy_Facination__snrp10,nmf5,vocals,1.4638,14.5963,2.3306
Al_James_-_Schoolboy_Facination__snrp10,nmf5,bass,-6.3475,-23.5269,4.1000
Al_James_-_Schoolboy_Facination__snrp10,nmf5,drums,-15.1712,-19.3104,15.6715
Al_James_-_Schoolboy_Facination__snrp10,nmf5,other,-11.8084,-21.9844,5.0771
Al_James_-_Schoolboy_Facination__snrp10,nmfd8,vocals,3.5201,19.9115,6.1895
Al_James_-_Schoolboy_Facination__snrp10,nmfd8,bass,-9.1167,-19.9170,6.0960
Al_James_-_Schoolboy_Facination__snrp10,nmfd8,drums,-15.1712,-19.3104,15.6715
Al_James_-_Schoolboy_Facination__snrp10,nmfd8,other,-9.5609,-21.0778,6.6669
Al_James_-_Schoolboy_Facination__snrp3,nmf5,vocals,1.1744,10.6793,2.0673
Al_James_-_Schoolboy_Facination__snrp3,nmf5,bass,-4.1795,-15.6963,4.4502
Al_James_-_Schoolboy_Facination__snrp3,nmf5,drums,-8.7716,-12.6831,14.6077
Al_James_-_Schoolboy_Facination__snrp3,nmf5,other,-4.8192,-14.1557,6.3196
Al_James_-_Schoolboy_Facination__snrp3,nmfd8,vocals,4.4448,13.2172,7.1922
Al_James_-_Schoolboy_Facination__snrp3,nmfd8,bass,-1.0458,-8.2577,7.0057
Al_James_-_Schoolboy_Facination__snrp3,nmfd8,drums,-8.7716,-12.6831,14.6077
Al_James_-_Schoolboy_Facination__snrp3,nmfd8,other,-4.7932,-16.5441,6.7629
Al_James_-_Schoolboy_Facination__snrm3,nmf5,vocals,0.2519,-5.9506,5.6641
Al_James_-_Schoolboy_Facination__snrm3,nmf5,bass,-0.1628,-9.7131,5.2651
Al_James_-_Schoolboy_Facination__snrm3,nmf5,drums,-4.3941,-7.9941,13.3830
Al_James_-_Schoolboy_Facination__snrm3,nmf5,other,-1.3967,-9.8976,6.9571
Al_James_-_Schoolboy_Facination__snrm3,nmfd8,vocals,3.7741,6.6800,6.7802
Al_James_-_Schoolboy_Facination__snrm3,nmfd8,bass,1.8369,-0.9417,7.3544
Al_James_-_Schoolboy_Facination__snrm3,nmfd8,drums,-4.3941,-7.9941,13.3830
Al_James_-_Schoolboy_Facination__snrm3,nmfd8,other,-2.2288,-12.0909,6.0955
AM_Contra_-_Heart_Peripheral__snrp10,nmf5,vocals,1.4192,21.5577,2.3401
AM_Contra_-_Heart_Peripheral__snrp10,nmf5,bass,-70.7621,-58.6424,3.9912
AM_Contra_-_Heart_Peripheral__snrp10,nmf5,drums,-10.6596,-16.1286,14.4026
AM_Contra_-_Heart_Peripheral__snrp10,nmf5,other,-16.3023,-19.0090,6.7002
AM_Contra_-_Heart_Peripheral__snrp10,nmfd8,vocals,3.7085,25.8728,6.2834
AM_Contra_-_Heart_Peripheral__snrp10,nmfd8,bass,-76.1945,-61.3894,7.0985
AM_Contra_-_Heart_Peripheral__snrp10,nmfd8,drums,-10.6596,-16.1286,14.4026
AM_Contra_-_Heart_Peripheral__snrp10,nmfd8,other,-10.4407,-27.1800,9.0546
AM_Contra_-_Heart_Peripheral__snrp3,nmf5,vocals,1.3569,13.6598,1.9728
AM_Contra_-_Heart_Peripheral__snrp3,nmf5,bass,-68.1006,-53.4480,4.9728
AM_Contra_-_Heart_Peripheral__snrp3,nmf5,drums,-4.2466,-9.3927,14.0845
AM_Contra_-_Heart_Peripheral__snrp3,nmf5,other,-5.3657,-8.5914,7.7237
AM_Contra_-_Heart_Peripheral__snrp3,nmfd8,vocals,5.2490,20.0850,8.8718
AM_Contra_-_Heart_Peripheral__snrp3,nmfd8,bass,-66.6444,-54.1723,4.5749
AM_Contra_-_Heart_Peripheral__snrp3,nmfd8,drums,-4.2466,-9.3927,14.0845
AM_Contra_-_Heart_Peripheral__snrp3,nmfd8,other,-5.7186,-22.0558,7.4068
AM_Contra_-_Heart_Peripheral__snrm3,nmf5,vocals,0.2790,-6.5700,5.4259
AM_Contra_-_Heart_Peripheral__snrm3,nmf5,bass,-61.8442,-42.8607,6.0283
AM_Contra_-_Heart_Peripheral__snrm3,nmf5,drums,0.0649,-4.1470,13.6818
AM_Contra_-_Heart_Peripheral__snrm3,nmf5,other,-1.2242,-8.5571,5.3888
AM_Contra_-_Heart_Peripheral__snrm3,nmfd8,vocals,6.0123,14.8225,9.4802
AM_Contra_-_Heart_Peripheral__snrm3,nmfd8,bass,-64.0537,-46.0233,9.4595
AM_Contra_-_Heart_Peripheral__snrm3,nmfd8,drums,0.0649,-4.1470,13.6818
AM_Contra_-_Heart_Peripheral__snrm3,nmfd8,other,-2.3470,-16.6311,5.5374
Arise_-_Run_Run_Run__snrp10,nmf5,vocals,1.3732,18.9872,2.1125
Arise_-_Run_Run_Run__snrp10,nmf5,bass,-9.9811,-29.6722,4.0039
Arise_-_Run_Run_Run__snrp10,nmf5,drums,-17.5406,-21.0821,13.7283
Arise_-_Run_Run_Run__snrp10,nmf5,other,-10.5881,-14.5345,6.7607
Arise_-_Run_Run_Run__snrp10,nmfd8,vocals,3.0108,20.3672,5.4539
Arise_-_Run_Run_Run__snrp10,nmfd8,bass,0.5677,-1.2054,3.2159
Arise_-_Run_Run_Run__snrp10,nmfd8,drums,-17.5406,-21.0821,13.7283
Arise_-_Run_Run_Run__snrp10,nmfd8,other,-9.0523,-22.5901,5.9615
Arise_-_Run_Run_Run__snrp3,nmf5,vocals,1.6686,13.1693,1.8135
Arise_-_Run_Run_Run__snrp3,nmf5,bass,-5.3707,-26.9447,4.6501
Arise_-_Run_Run_Run__snrp3,nmf5,drums,-11.0551,-14.7657,13.4188
Arise_-_Run_Run_Run__snrp3,nmf5,other,-5.1910,-11.9193,6.1009
Arise_-_Run_Run_Run__snrp3,nmfd8,vocals,4.3465,15.4068,7.5122
Arise_-_Run_Run_Run__snrp3,nmfd8,bass,-4.9804,-15.0193,3.9286
Arise_-_Run_Run_Run__snrp3,nmfd8,drums,-11.0551,-14.7657,13.4188
Arise_-_Run_Run_Run__snrp3,nmfd8,other,-2.6515,-12.8573,6.1128
Arise_-_Run_Run_Run__snrm3,nmf5,vocals,0.3139,-6.6784,5.4591
Arise_-_Run_Run_Run__snrm3,nmf5,bass,0.8461,-3.3236,7.3428
Arise_-_Run_Run_Run__snrm3,nmf5,drums,-6.7670,-10.3746,13.3371
Arise_-_Run_Run_Run__snrm3,nmf5,other,-1.0884,-8.6444,6.1019
Arise_-_Run_Run_Run__snrm3,nmfd8,vocals,4.6166,10.1914,8.2722
Arise_-_Run_Run_Run__snrm3,nmfd8,bass,1.0934,-3.5525,5.7363
Arise_-_Run_Run_Run__snrm3,nmfd8,drums,-6.7670,-10.3746,13.3371
Arise_-_Run_Run_Run__snrm3,nmfd8,other,-0.3261,-8.0130,5.2505
Ben_Carrigan_-_Well_Talk_About_It_All_Tonight__snrp10,nmf5,vocals,1.4651,15.4237,2.4108
Ben_Carrigan_-_Well_Talk_About_It_All_Tonight__snrp10,nmf5,bass,-8.8013,-29.4950,4.1757
Ben_Carrigan_-_Well_Talk_About_It_All_Tonight__snrp10,nmf5,drums,-11.5832,-15.7489,13.7884
Ben_Carrigan_-_Well_Talk_About_It_All_Tonight__snrp10,nmf5,other,-13.3300,-17.6549,5.1544
Ben_Carrigan_-_Well_Talk_About_It_All_Tonight__snrp10,nmfd8,vocals,3.5622,19.3245,6.3334
Ben_Carrigan_-_Well_Talk_About_It_All_Tonight__snrp10,nmfd8,bass,-13.7161,-26.5790,6.6518
Ben_Carrigan_-_Well_Talk_About_It_All_Tonight__snrp10,nmfd8,drums,-11.5832,-15.7489,13.7884
Ben_Carrigan_-_Well_Talk_About_It_All_Tonight__snrp10,nmfd8,other,-9.8871,-22.4327,8.4633
Ben_Carrigan_-_Well_Talk_About_It_All_Tonight__snrp3,nmf5,vocals,1.2189,12.9405,1.9433
Ben_Carrigan_-_Well_Talk_About_It_All_Tonight__snrp3,nmf5,bass,-5.8453,-23.8635,4.5384
Ben_Carrigan_-_Well_Talk_About_It_All_Tonight__snrp3,nmf5,drums,-5.1556,-9.1859,13.8588
Ben_Carrigan_-_Well_Talk_About_It_All_Tonight__snrp3,nmf5,other,-7.2201,-11.7964,6.8250
Ben_Carrigan_-_Well_Talk_About_It_All_Tonight__snrp3,nmfd8,vocals,4.6374,13.8006,8.0873
Ben_Carrigan_-_Well_Talk_About_It_All_Tonight__snrp3,nmfd8,bass,-4.2283,-12.4557,5.7672
Ben_Carrigan_-_Well_Talk_About_It_All_Tonight__snrp3,nmfd8,drums,-5.1556,-9.1859,13.8588
Ben_Carrigan_-_Well_Talk_About_It_All_Tonight__snrp3,nmfd8,other,-5.0544,-16.8813,8.2613
Ben_Carrigan_-_Well_Talk_About_It_All_Tonight__snrm3,nmf5,vocals,0.4374,-4.8085,4.9464
Ben_Carrigan_-_Well_Talk_About_It_All_Tonight__snrm3,nmf5,bass,-2.6923,-19.5377,5.4987
Ben_Carrigan_-_Well_Talk_About_It_All_Tonight__snrm3,nmf5,drums,-0.8111,-4.3285,14.1368
Ben_Carrigan_-_Well_Talk_About_It_All_Tonight__snrm3,nmf5,other,-4.1235,-11.8925,6.8957
Ben_Carrigan_-_Well_Talk_About_It_All_Tonight__snrm3,nmfd8,vocals,4.0966,8.0509,7.8082
Ben_Carrigan_-_Well_Talk_About_It_All_Tonight__snrm3,nmfd8,bass,1.3106,-3.5889,8.5345
Ben_Carrigan_-_Well_Talk_About_It_All_Tonight__snrm3,nmfd8,drums,-0.8111,-4.3285,14.1368
Ben_Carrigan_-_Well_Talk_About_It_All_Tonight__snrm3,nmfd8,other,-2.8873,-12.3958,7.7641
Buitraker_-_Revo_X__snrp10,nmf5,vocals,1.5377,21.0726,2.3688
Buitraker_-_Revo_X__snrp10,nmf5,bass,-7.9157,-28.5514,3.7317
Buitraker_-_Revo_X__snrp10,nmf5,drums,-10.4814,-15.8119,14.6282
Buitraker_-_Revo_X__snrp10,nmf5,other,-18.2088,-24.1038,6.2911
Buitraker_-_Revo_X__snrp10,nmfd8,vocals,2.9029,20.9338,5.3207
Buitraker_-_Revo_X__snrp10,nmfd8,bass,-2.1765,-7.5747,6.7052
Buitraker_-_Revo_X__snrp10,nmfd8,drums,-10.4814,-15.8119,14.6282
Buitraker_-_Revo_X__snrp10,nmfd8,other,-13.5766,-23.7080,7.6911
Buitraker_-_Revo_X__snrp3,nmf5,vocals,-0.1152,-9.3264,8.8573
Buitraker_-_Revo_X__snrp3,nmf5,bass,-5.6811,-21.0682,4.0831
Buitraker_-_Revo_X__snrp3,nmf5,drums,-4.0513,-9.0383,14.6342
Buitraker_-_Revo_X__snrp3,nmf5,other,-9.7126,-19.4270,4.8571
Buitraker_-_Revo_X__snrp3,nmfd8,vocals,3.5997,15.1285,6.4146
Buitraker_-_Revo_X__snrp3,nmfd8,bass,-1.2773,-8.1411,8.4861
Buitraker_-_Revo_X__snrp3,nmfd8,drums,-4.0513,-9.0383,14.6342
Buitraker_-_Revo_X__snrp3,nmfd8,other,-6.9335,-17.5310,8.8300
Buitraker_-_Revo_X__snrm3,nmf5,vocals,0.8083,7.0313,3.2387
Buitraker_-_Revo_X__snrm3,nmf5,bass,-0.3832,-6.5023,9.3436
Buitraker_-_Revo_X__snrm3,nmf5,drums,0.3215,-3.8464,14.9422
Buitraker_-_Revo_X__snrm3,nmf5,other,-9.1161,-15.3085,12.1431
Buitraker_-_Revo_X__snrm3,nmfd8,vocals,4.2457,10.2058,7.8433
Buitraker_-_Revo_X__snrm3,nmfd8,bass,-0.8791,-8.6830,9.5544
Buitraker_-_Revo_X__snrm3,nmfd8,drums,0.3215,-3.8464,14.9422
Buitraker_-_Revo_X__snrm3,nmfd8,other,-4.2748,-14.3017,7.6202
Forkupines_-_Semantics__snrp10,nmf5,vocals,1.3949,20.4109,2.0782
Forkupines_-_Semantics__snrp10,nmf5,bass,-14.5970,-36.0655,4.3495
Forkupines_-_Semantics__snrp10,nmf5,drums,-10.1876,-15.2763,13.4623
Forkupines_-_Semantics__snrp10,nmf5,other,-14.4341,-20.1682,5.1784
Forkupines_-_Semantics__snrp10,nmfd8,vocals,3.3205,21.6825,5.8294
Forkupines_-_Semantics__snrp10,nmfd8,bass,-18.2207,-30.8702,6.3950
Forkupines_-_Semantics__snrp10,nmfd8,drums,-10.1876,-15.2763,13.4623
Forkupines_-_Semantics__snrp10,nmfd8,other,-11.7026,-19.4643,8.0199
Forkupines_-_Semantics__snrp3,nmf5,vocals,1.3436,6.3766,1.4161
Forkupines_-_Semantics__snrp3,nmf5,bass,-9.4229,-28.9839,4.6732
Forkupines_-_Semantics__snrp3,nmf5,drums,-3.6732,-8.3981,13.5282
Forkupines_-_Semantics__snrp3,nmf5,other,-10.2649,-18.3528,6.3270
Forkupines_-_Semantics__snrp3,nmfd8,vocals,4.5669,16.2873,7.8530
Forkupines_-_Semantics__snrp3,nmfd8,bass,-10.5224,-20.8646,5.4569
Forkupines_-_Semantics__snrp3,nmfd8,drums,-3.6732,-8.3981,13.5282
Forkupines_-_Semantics__snrp3,nmfd8,other,-5.4289,-13.7888,6.7179
Forkupines_-_Semantics__snrm3,nmf5,vocals,0.1479,-4.8012,2.8730
Forkupines_-_Semantics__snrm3,nmf5,bass,-3.1430,-14.5533,4.5389
Forkupines_-_Semantics__snrm3,nmf5,drums,0.9441,-2.8716,13.8797
Forkupines_-_Semantics__snrm3,nmf5,other,-6.9102,-12.5832,10.7590
Forkupines_-_Semantics__snrm3,nmfd8,vocals,4.6383,10.9674,8.0969
Forkupines_-_Semantics__snrm3,nmfd8,bass,-3.5889,-10.6215,9.1182
Forkupines_-_Semantics__snrm3,nmfd8,drums,0.9441,-2.8716,13.8797
Forkupines_-_Semantics__snrm3,nmfd8,other,-2.2451,-9.8437,5.1276
Hollow_Ground_-_Ill_Fate__snrp10,nmf5,vocals,1.3737,16.7451,3.0927
Hollow_Ground_-_Ill_Fate__snrp10,nmf5,bass,-10.8085,-33.7931,4.0658
Hollow_Ground_-_Ill_Fate__snrp10,nmf5,drums,-17.6967,-23.3772,17.8184
Hollow_Ground_-_Ill_Fate__snrp10,nmf5,other,-9.4794,-12.1026,4.9254
Hollow_Ground_-_Ill_Fate__snrp10,nmfd8,vocals,3.2486,21.9542,5.7739
Hollow_Ground_-_Ill_Fate__snrp10,nmfd8,bass,-10.3558,-27.2030,5.7116
Hollow_Ground_-_Ill_Fate__snrp10,nmfd8,drums,-17.6967,-23.3772,17.8184
Hollow_Ground_-_Ill_Fate__snrp10,nmfd8,other,-6.2751,-9.6156,7.7797
Hollow_Ground_-_Ill_Fate__snrp3,nmf5,vocals,0.7193,2.3662,5.7410
Hollow_Ground_-_Ill_Fate__snrp3,nmf5,bass,-5.9179,-28.3165,4.5906
Hollow_Ground_-_Ill_Fate__snrp3,nmf5,drums,-11.1161,-16.6117,18.2893
Hollow_Ground_-_Ill_Fate__snrp3,nmf5,other,-1.6719,-4.7368,3.9183
Hollow_Ground_-_Ill_Fate__snrp3,nmfd8,vocals,4.5374,16.9874,7.5511
Hollow_Ground_-_Ill_Fate__snrp3,nmfd8,bass,-1.9935,-11.2212,6.1665
Hollow_Ground_-_Ill_Fate__snrp3,nmfd8,drums,-11.1161,-16.6117,18.2893
Hollow_Ground_-_Ill_Fate__snrp3,nmfd8,other,-1.0763,-5.7471,7.4354
Hollow_Ground_-_Ill_Fate__snrm3,nmf5,vocals,0.2425,-6.7633,5.3691
Hollow_Ground_-_Ill_Fate__snrm3,nmf5,bass,-3.2395,-22.6012,6.1806
Hollow_Ground_-_Ill_Fate__snrm3,nmf5,drums,-6.4657,-11.6969,18.8494
Hollow_Ground_-_Ill_Fate__snrm3,nmf5,other,2.0021,0.4132,9.3717
Hollow_Ground_-_Ill_Fate__snrm3,nmfd8,vocals,4.4861,11.5627,7.5966
Hollow_Ground_-_Ill_Fate__snrm3,nmfd8,bass,0.6374,-5.5126,7.3315
Hollow_Ground_-_Ill_Fate__snrm3,nmfd8,drums,-6.4657,-11.6969,18.8494
Hollow_Ground_-_Ill_Fate__snrm3,nmfd8,other,1.0162,-4.0296,7.8015
Little_Chicagos_Finest_-_My_Own__snrp10,nmf5,vocals,1.4207,19.1790,2.2549
Little_Chicagos_Finest_-_My_Own__snrp10,nmf5,bass,-12.7676,-32.3779,4.1085
Little_Chicagos_Finest_-_My_Own__snrp10,nmf5,drums,-8.2122,-13.7959,11.8734
Little_Chicagos_Finest_-_My_Own__snrp10,nmf5,other,-16.7632,-24.3668,6.9234
Little_Chicagos_Finest_-_My_Own__snrp10,nmfd8,vocals,3.1855,18.1318,5.7850
Little_Chicagos_Finest_-_My_Own__snrp10,nmfd8,bass,-3.3508,-5.9713,5.9565
Little_Chicagos_Finest_-_My_Own__snrp10,nmfd8,drums,-8.2122,-13.7959,11.8734
Little_Chicagos_Finest_-_My_Own__snrp10,nmfd8,other,-12.4712,-23.6092,9.6101
Little_Chicagos_Finest_-_My_Own__snrp3,nmf5,vocals,-0.0807,-12.4069,7.6765
Little_Chicagos_Finest_-_My_Own__snrp3,nmf5,bass,-7.1184,-29.6586,4.3239
Little_Chicagos_Finest_-_My_Own__snrp3,nmf5,drums,-2.6782,-7.0014,11.9468
Little_Chicagos_Finest_-_My_Own__snrp3,nmf5,other,-9.2981,-24.2909,4.2689
Little_Chicagos_Finest_-_My_Own__snrp3,nmfd8,vocals,4.1961,12.8907,7.6560
Little_Chicagos_Finest_-_My_Own__snrp3,nmfd8,bass,-2.4593,-5.2161,8.0399
Little_Chicagos_Finest_-_My_Own__snrp3,nmfd8,drums,-2.6782,-7.0014,11.9468
Little_Chicagos_Finest_-_My_Own__snrp3,nmfd8,other,-12.6152,-22.9168,6.9124
Little_Chicagos_Finest_-_My_Own__snrm3,nmf5,vocals,0.3848,2.8516,3.0796
Little_Chicagos_Finest_-_My_Own__snrm3,nmf5,bass,-1.4577,-8.9856,4.9512
Little_Chicagos_Finest_-_My_Own__snrm3,nmf5,drums,0.3927,-1.4428,12.3871
Little_Chicagos_Finest_-_My_Own__snrm3,nmf5,other,-6.7037,-14.3487,6.9621
Little_Chicagos_Finest_-_My_Own__snrm3,nmfd8,vocals,6.2742,10.4051,10.8916
Little_Chicagos_Finest_-_My_Own__snrm3,nmfd8,bass,-2.9035,-5.9671,9.4248
Little_Chicagos_Finest_-_My_Own__snrm3,nmfd8,drums,0.3927,-1.4428,12.3871
Little_Chicagos_Finest_-_My_Own__snrm3,nmfd8,other,-4.6215,-15.4102,8.6804
Louis_Cressy_Band_-_Good_Time__snrp10,nmf5,vocals,1.4680,18.2163,2.3302
Louis_Cressy_Band_-_Good_Time__snrp10,nmf5,bass,-10.8683,-33.2663,4.1966
Louis_Cressy_Band_-_Good_Time__snrp10,nmf5,drums,-11.4327,-16.2575,16.2992
Louis_Cressy_Band_-_Good_Time__snrp10,nmf5,other,-11.3413,-22.8864,4.7385
Louis_Cressy_Band_-_Good_Time__snrp10,nmfd8,vocals,2.9989,19.4929,5.5112
Louis_Cressy_Band_-_Good_Time__snrp10,nmfd8,bass,-16.3388,-33.1505,6.9659
Louis_Cressy_Band_-_Good_Time__snrp10,nmfd8,drums,-11.4327,-16.2575,16.2992
Louis_Cressy_Band_-_Good_Time__snrp10,nmfd8,other,-7.7171,-22.0896,7.6291
Louis_Cressy_Band_-_Good_Time__snrp3,nmf5,vocals,1.3946,16.1344,2.2732
Louis_Cressy_Band_-_Good_Time__snrp3,nmf5,bass,-2.5085,-3.9652,6.4637
Louis_Cressy_Band_-_Good_Time__snrp3,nmf5,drums,-5.0968,-9.3514,16.2219
Louis_Cressy_Band_-_Good_Time__snrp3,nmf5,other,-7.1771,-19.2460,6.7242
Louis_Cressy_Band_-_Good_Time__snrp3,nmfd8,vocals,4.2518,13.7267,7.2277
Louis_Cressy_Band_-_Good_Time__snrp3,nmfd8,bass,-1.4131,-5.0047,5.3097
Louis_Cressy_Band_-_Good_Time__snrp3,nmfd8,drums,-5.0968,-9.3514,16.2219
Louis_Cressy_Band_-_Good_Time__snrp3,nmfd8,other,-3.0228,-17.0050,6.7741
Louis_Cressy_Band_-_Good_Time__snrm3,nmf5,vocals,2.1222,8.3808,3.5051
Louis_Cressy_Band_-_Good_Time__snrm3,nmf5,bass,-4.7029,-22.1492,6.3097
Louis_Cressy_Band_-_Good_Time__snrm3,nmf5,drums,-0.9710,-4.2578,15.9897
Louis_Cressy_Band_-_Good_Time__snrm3,nmf5,other,-0.9160,-9.5557,5.0552
Louis_Cressy_Band_-_Good_Time__snrm3,nmfd8,vocals,3.5255,8.1943,7.8514
Louis_Cressy_Band_-_Good_Time__snrm3,nmfd8,bass,-1.2427,-4.6623,6.0575
Louis_Cressy_Band_-_Good_Time__snrm3,nmfd8,drums,-0.9710,-4.2578,15.9897
Louis_Cressy_Band_-_Good_Time__snrm3,nmfd8,other,-1.3334,-13.5420,6.6347
MERC_Music_-_Knockout__snrp10,nmf5,vocals,1.4246,12.6663,2.1391
MERC_Music_-_Knockout__snrp10,nmf5,bass,-8.1593,-11.2728,3.6496
MERC_Music_-_Knockout__snrp10,nmf5,drums,-12.4094,-17.6917,18.4089
MERC_Music_-_Knockout__snrp10,nmf5,other,-11.2308,-15.6704,6.0534
MERC_Music_-_Knockout__snrp10,nmfd8,vocals,3.7013,14.1159,6.3185
MERC_Music_-_Knockout__snrp10,nmfd8,bass,-13.4583,-21.0684,6.3613
MERC_Music_-_Knockout__snrp10,nmfd8,drums,-12.4094,-17.6917,18.4089
MERC_Music_-_Knockout__snrp10,nmfd8,other,-6.0165,-16.1870,7.6114
MERC_Music_-_Knockout__snrp3,nmf5,vocals,1.8160,9.5091,3.2940
MERC_Music_-_Knockout__snrp3,nmf5,bass,-6.6175,-15.1743,4.2909
MERC_Music_-_Knockout__snrp3,nmf5,drums,-5.9970,-11.1611,18.0788
MERC_Music_-_Knockout__snrp3,nmf5,other,-2.8477,-9.9527,7.0175
MERC_Music_-_Knockout__snrp3,nmfd8,vocals,4.5350,10.2048,7.7075
MERC_Music_-_Knockout__snrp3,nmfd8,bass,-2.8688,-7.2849,6.5227
MERC_Music_-_Knockout__snrp3,nmfd8,drums,-5.9970,-11.1611,18.0788
MERC_Music_-_Knockout__snrp3,nmfd8,other,-1.9404,-12.0704,6.1500
MERC_Music_-_Knockout__snrm3,nmf5,vocals,0.1466,-11.1041,2.0934
MERC_Music_-_Knockout__snrm3,nmf5,bass,-3.6176,-13.9564,5.3564
MERC_Music_-_Knockout__snrm3,nmf5,drums,-1.6701,-6.2643,17.6167
MERC_Music_-_Knockout__snrm3,nmf5,other,-0.2681,-6.2839,5.0010
MERC_Music_-_Knockout__snrm3,nmfd8,vocals,3.5669,4.4103,7.4879
MERC_Music_-_Knockout__snrm3,nmfd8,bass,1.2268,0.4662,4.8097
MERC_Music_-_Knockout__snrm3,nmfd8,drums,-1.6701,-6.2643,17.6167
MERC_Music_-_Knockout__snrm3,nmfd8,other,-0.3516,-8.3530,5.9279
Moosmusic_-_Big_Dummy_Shake__snrp10,nmf5,vocals,1.4987,16.7203,2.4144
Moosmusic_-_Big_Dummy_Shake__snrp10,nmf5,bass,-8.9062,-29.8186,4.0106
Moosmusic_-_Big_Dummy_Shake__snrp10,nmf5,drums,-12.8099,-17.5448,13.4536
Moosmusic_-_Big_Dummy_Shake__snrp10,nmf5,other,-16.7081,-21.3613,5.1554
Moosmusic_-_Big_Dummy_Shake__snrp10,nmfd8,vocals,3.4506,19.0406,6.3626
Moosmusic_-_Big_Dummy_Shake__snrp10,nmfd8,bass,-15.5832,-26.6206,6.5827
Moosmusic_-_Big_Dummy_Shake__snrp10,nmfd8,drums,-12.8099,-17.5448,13.4536
Moosmusic_-_Big_Dummy_Shake__snrp10,nmfd8,other,-9.5631,-20.2511,8.7747
Moosmusic_-_Big_Dummy_Shake__snrp3,nmf5,vocals,0.1140,-9.4071,6.3991
Moosmusic_-_Big_Dummy_Shake__snrp3,nmf5,bass,-6.2479,-23.0554,4.3869
Moosmusic_-_Big_Dummy_Shake__snrp3,nmf5,drums,-6.2368,-10.7466,13.5342
Moosmusic_-_Big_Dummy_Shake__snrp3,nmf5,other,-8.1177,-18.5149,5.3504
Moosmusic_-_Big_Dummy_Shake__snrp3,nmfd8,vocals,5.7862,15.0005,9.7761
Moosmusic_-_Big_Dummy_Shake__snrp3,nmfd8,bass,-3.0565,-9.5078,5.1789
Moosmusic_-_Big_Dummy_Shake__snrp3,nmfd8,drums,-6.2368,-10.7466,13.5342
Moosmusic_-_Big_Dummy_Shake__snrp3,nmfd8,other,-5.3705,-16.8747,7.9137
Moosmusic_-_Big_Dummy_Shake__snrm3,nmf5,vocals,0.3325,-1.5948,5.0726
Moosmusic_-_Big_Dummy_Shake__snrm3,nmf5,bass,-3.8958,-18.9642,6.3030
Moosmusic_-_Big_Dummy_Shake__snrm3,nmf5,drums,-1.6113,-5.4891,13.4442
Moosmusic_-_Big_Dummy_Shake__snrm3,nmf5,other,-3.8114,-11.2460,6.3112
Moosmusic_-_Big_Dummy_Shake__snrm3,nmfd8,vocals,5.4665,9.4938,9.3559
Moosmusic_-_Big_Dummy_Shake__snrm3,nmfd8,bass,-0.4827,-4.9607,6.4954
Moosmusic_-_Big_Dummy_Shake__snrm3,nmfd8,drums,-1.6113,-5.4891,13.4442
Moosmusic_-_Big_Dummy_Shake__snrm3,nmfd8,other,-1.8049,-11.2469,4.9544
Motor_Tapes_-_Shore__snrp10,nmf5,vocals,1.3147,15.2842,2.1932
Motor_Tapes_-_Shore__snrp10,nmf5,bass,-11.5584,-26.2608,4.0225
Motor_Tapes_-_Shore__snrp10,nmf5,drums,-19.5191,-23.5551,17.1796
Motor_Tapes_-_Shore__snrp10,nmf5,other,-8.4922,-15.6211,6.0387
Motor_Tapes_-_Shore__snrp10,nmfd8,vocals,3.1179,13.8034,5.8046
Motor_Tapes_-_Shore__snrp10,nmfd8,bass,-8.6640,-20.2089,5.0246
Motor_Tapes_-_Shore__snrp10,nmfd8,drums,-19.5191,-23.5551,17.1796
Motor_Tapes_-_Shore__snrp10,nmfd8,other,-6.2505,-15.5846,7.5881
Motor_Tapes_-_Shore__snrp3,nmf5,vocals,0.4328,-3.2019,4.1656
Motor_Tapes_-_Shore__snrp3,nmf5,bass,-6.1318,-20.3035,4.5554
Motor_Tapes_-_Shore__snrp3,nmf5,drums,-12.9639,-17.9563,17.2336
Motor_Tapes_-_Shore__snrp3,nmf5,other,-2.4844,-12.1210,6.1055
Motor_Tapes_-_Shore__snrp3,nmfd8,vocals,3.8311,9.0041,7.5692
Motor_Tapes_-_Shore__snrp3,nmfd8,bass,-1.7859,-10.8223,7.5659
Motor_Tapes_-_Shore__snrp3,nmfd8,drums,-12.9639,-17.9563,17.2336
Motor_Tapes_-_Shore__snrp3,nmfd8,other,-2.1831,-13.4922,8.0442
Motor_Tapes_-_Shore__snrm3,nmf5,vocals,0.3012,-8.0884,5.0747
Motor_Tapes_-_Shore__snrm3,nmf5,bass,-2.9737,-14.4198,5.6628
Motor_Tapes_-_Shore__snrm3,nmf5,drums,-8.3919,-13.5897,17.1137
Motor_Tapes_-_Shore__snrm3,nmf5,other,0.2033,-4.0747,7.3834
Motor_Tapes_-_Shore__snrm3,nmfd8,vocals,2.8054,4.2067,8.9818
Motor_Tapes_-_Shore__snrm3,nmfd8,bass,0.8931,-3.8556,8.0712
Motor_Tapes_-_Shore__snrm3,nmfd8,drums,-8.3919,-13.5897,17.1137
Motor_Tapes_-_Shore__snrm3,nmfd8,other,0.3089,-6.3436,7.9645
PR_-_Oh_No__snrp10,nmf5,vocals,1.4367,18.4349,2.0248
PR_-_Oh_No__snrp10,nmf5,bass,-9.3734,-29.6849,3.9580
PR_-_Oh_No__snrp10,nmf5,drums,-10.1264,-15.3474,12.5495
PR_-_Oh_No__snrp10,nmf5,other,-18.2102,-22.7702,5.5965
PR_-_Oh_No__snrp10,nmfd8,vocals,3.3388,19.0465,5.8956
PR_-_Oh_No__snrp10,nmfd8,bass,-17.2414,-29.9432,7.3062
PR_-_Oh_No__snrp10,nmfd8,drums,-10.1264,-15.3474,12.5495
PR_-_Oh_No__snrp10,nmfd8,other,-13.5908,-20.0801,9.1344
PR_-_Oh_No__snrp3,nmf5,vocals,2.0271,13.1650,3.5151
PR_-_Oh_No__snrp3,nmf5,bass,-3.0058,-5.6775,7.7228
PR_-_Oh_No__snrp3,nmf5,drums,-3.6644,-8.4530,12.2776
PR_-_Oh_No__snrp3,nmf5,other,-9.9035,-16.6735,5.5567
PR_-_Oh_No__snrp3,nmfd8,vocals,4.3802,12.9220,7.8799
PR_-_Oh_No__snrp3,nmfd8,bass,-4.2162,-8.8968,7.6254
PR_-_Oh_No__snrp3,nmfd8,drums,-3.6644,-8.4530,12.2776
PR_-_Oh_No__snrp3,nmfd8,other,-7.6250,-18.8426,7.8072
PR_-_Oh_No__snrm3,nmf5,vocals,0.0615,-9.3262,4.3508
PR_-_Oh_No__snrm3,nmf5,bass,-1.9696,-9.2859,6.4791
PR_-_Oh_No__snrm3,nmf5,drums,0.7953,-2.9124,12.1076
PR_-_Oh_No__snrm3,nmf5,other,-10.5498,-13.0027,12.7690
PR_-_Oh_No__snrm3,nmfd8,vocals,3.9523,7.5949,8.6757
PR_-_Oh_No__snrm3,nmfd8,bass,-4.0269,-9.8942,10.3517
PR_-_Oh_No__snrm3,nmfd8,drums,0.7953,-2.9124,12.1076
PR_-_Oh_No__snrm3,nmfd8,other,-4.3377,-16.8704,5.5553
Punkdisco_-_Oral_Hygiene__snrp10,nmf5,vocals,1.7086,18.7469,2.0337
Punkdisco_-_Oral_Hygiene__snrp10,nmf5,bass,-6.0127,-33.0514,3.5521
Punkdisco_-_Oral_Hygiene__snrp10,nmf5,drums,-16.5383,-21.0445,13.5650
Punkdisco_-_Oral_Hygiene__snrp10,nmf5,other,-17.2784,-22.0183,5.7285
Punkdisco_-_Oral_Hygiene__snrp10,nmfd8,vocals,3.0063,23.4015,5.4452
Punkdisco_-_Oral_Hygiene__snrp10,nmfd8,bass,-11.8363,-33.0784,5.4142
Punkdisco_-_Oral_Hygiene__snrp10,nmfd8,drums,-16.5383,-21.0445,13.5650
Punkdisco_-_Oral_Hygiene__snrp10,nmfd8,other,-11.8104,-17.3260,9.3981
Punkdisco_-_Oral_Hygiene__snrp3,nmf5,vocals,-0.1939,-20.0882,9.9036
Punkdisco_-_Oral_Hygiene__snrp3,nmf5,bass,-4.7350,-35.4544,4.4500
Punkdisco_-_Oral_Hygiene__snrp3,nmf5,drums,-10.0410,-14.3828,13.3991
Punkdisco_-_Oral_Hygiene__snrp3,nmf5,other,-10.4904,-17.8186,5.3944
Punkdisco_-_Oral_Hygiene__snrp3,nmfd8,vocals,4.6237,18.5788,8.1330
Punkdisco_-_Oral_Hygiene__snrp3,nmfd8,bass,5.2289,1.9001,4.4067
Punkdisco_-_Oral_Hygiene__snrp3,nmfd8,drums,-10.0410,-14.3828,13.3991
Punkdisco_-_Oral_Hygiene__snrp3,nmfd8,other,-5.4521,-17.1701,6.6023
Punkdisco_-_Oral_Hygiene__snrm3,nmf5,vocals,0.5161,2.3808,3.1480
Punkdisco_-_Oral_Hygiene__snrm3,nmf5,bass,-2.5361,-31.1046,6.2481
Punkdisco_-_Oral_Hygiene__snrm3,nmf5,drums,-5.3374,-9.2827,13.9826
Punkdisco_-_Oral_Hygiene__snrm3,nmf5,other,-6.7265,-10.2832,7.2851
Punkdisco_-_Oral_Hygiene__snrm3,nmfd8,vocals,7.1951,14.3561,11.4421
Punkdisco_-_Oral_Hygiene__snrm3,nmfd8,bass,4.9220,2.2863,8.6577
Punkdisco_-_Oral_Hygiene__snrm3,nmfd8,drums,-5.3374,-9.2827,13.9826
Punkdisco_-_Oral_Hygiene__snrm3,nmfd8,other,-1.7110,-11.2401,5.8528
Secretariat_-_Borderline__snrp10,nmf5,vocals,1.3478,19.6140,2.1343
Secretariat_-_Borderline__snrp10,nmf5,bass,-14.2885,-31.3148,4.1162
Secretariat_-_Borderline__snrp10,nmf5,drums,-18.8687,-22.6581,15.3390
Secretariat_-_Borderline__snrp10,nmf5,other,-10.2502,-13.2345,4.7410
Secretariat_-_Borderline__snrp10,nmfd8,vocals,3.3513,21.9646,5.9038
Secretariat_-_Borderline__snrp10,nmfd8,bass,-9.3411,-19.3874,4.8721
Secretariat_-_Borderline__snrp10,nmfd8,drums,-18.8687,-22.6581,15.3390
Secretariat_-_Borderline__snrp10,nmfd8,other,-8.0308,-16.0225,7.5565
Secretariat_-_Borderline__snrp3,nmf5,vocals,0.8470,6.1441,2.1606
Secretariat_-_Borderline__snrp3,nmf5,bass,-8.9071,-25.5542,4.9756
Secretariat_-_Borderline__snrp3,nmf5,drums,-12.4880,-16.9508,15.1274
Secretariat_-_Borderline__snrp3,nmf5,other,-2.5884,-6.9946,6.0678
Secretariat_-_Borderline__snrp3,nmfd8,vocals,3.8139,16.3600,6.7256
Secretariat_-_Borderline__snrp3,nmfd8,bass,-6.6206,-16.0047,6.1823
Secretariat_-_Borderline__snrp3,nmfd8,drums,-12.4880,-16.9508,15.1274
Secretariat_-_Borderline__snrp3,nmfd8,other,-2.8534,-11.0833,7.4993
Secretariat_-_Borderline__snrm3,nmf5,vocals,0.4132,-4.6301,3.0917
Secretariat_-_Borderline__snrm3,nmf5,bass,-5.0449,-19.9832,6.1675
Secretariat_-_Borderline__snrm3,nmf5,drums,-7.7992,-12.2504,14.9218
Secretariat_-_Borderline__snrm3,nmf5,other,-1.3661,-6.6855,6.5323
Secretariat_-_Borderline__snrm3,nmfd8,vocals,3.2079,10.5206,6.6372
Secretariat_-_Borderline__snrm3,nmfd8,bass,-0.9086,-8.1349,7.2081
Secretariat_-_Borderline__snrm3,nmfd8,drums,-7.7992,-12.2504,14.9218
Secretariat_-_Borderline__snrm3,nmfd8,other,-0.2166,-6.1769,7.0995
Signe_Jakobsen_-_What_Have_You_Done_To_Me__snrp10,nmf5,vocals,1.4573,9.0943,1.9633
Signe_Jakobsen_-_What_Have_You_Done_To_Me__snrp10,nmf5,bass,-9.2424,-9.6420,3.9113
Signe_Jakobsen_-_What_Have_You_Done_To_Me__snrp10,nmf5,drums,-13.8084,-18.5853,14.6985
Signe_Jakobsen_-_What_Have_You_Done_To_Me__snrp10,nmf5,other,-14.1808,-19.0736,4.2743
Signe_Jakobsen_-_What_Have_You_Done_To_Me__snrp10,nmfd8,vocals,3.1834,15.0377,5.4514
Signe_Jakobsen_-_What_Have_You_Done_To_Me__snrp10,nmfd8,bass,-15.2176,-9.0981,6.7008
Signe_Jakobsen_-_What_Have_You_Done_To_Me__snrp10,nmfd8,drums,-13.8084,-18.5853,14.6985
Signe_Jakobsen_-_What_Have_You_Done_To_Me__snrp10,nmfd8,other,-10.9417,-18.3576,7.6987
Signe_Jakobsen_-_What_Have_You_Done_To_Me__snrp3,nmf5,vocals,1.2112,8.0363,1.1489
Signe_Jakobsen_-_What_Have_You_Done_To_Me__snrp3,nmf5,bass,-6.4300,-9.1336,4.3456
Signe_Jakobsen_-_What_Have_You_Done_To_Me__snrp3,nmf5,drums,-7.4233,-12.2100,14.2046
Signe_Jakobsen_-_What_Have_You_Done_To_Me__snrp3,nmf5,other,-6.4710,-10.2160,5.5956
Signe_Jakobsen_-_What_Have_You_Done_To_Me__snrp3,nmfd8,vocals,4.5721,11.6538,6.9368
Signe_Jakobsen_-_What_Have_You_Done_To_Me__snrp3,nmfd8,bass,0.8217,-1.1528,4.4587
Signe_Jakobsen_-_What_Have_You_Done_To_Me__snrp3,nmfd8,drums,-7.4233,-12.2100,14.2046
Signe_Jakobsen_-_What_Have_You_Done_To_Me__snrp3,nmfd8,other,-5.1473,-14.7597,8.0150
Signe_Jakobsen_-_What_Have_You_Done_To_Me__snrm3,nmf5,vocals,0.3713,-0.9541,4.1255
Signe_Jakobsen_-_What_Have_You_Done_To_Me__snrm3,nmf5,bass,-4.1179,-9.7965,6.2643
Signe_Jakobsen_-_What_Have_You_Done_To_Me__snrm3,nmf5,drums,-3.0156,-7.5283,13.9068
Signe_Jakobsen_-_What_Have_You_Done_To_Me__snrm3,nmf5,other,-2.5380,-10.1131,5.8566
Signe_Jakobsen_-_What_Have_You_Done_To_Me__snrm3,nmfd8,vocals,4.7743,6.6256,6.6141
Signe_Jakobsen_-_What_Have_You_Done_To_Me__snrm3,nmfd8,bass,1.1165,-1.1490,5.7901
Signe_Jakobsen_-_What_Have_You_Done_To_Me__snrm3,nmfd8,drums,-3.0156,-7.5283,13.9068
Signe_Jakobsen_-_What_Have_You_Done_To_Me__snrm3,nmfd8,other,-2.2056,-10.6082,7.1296
The_Mountaineering_Club_-_Mallory__snrp10,nmf5,vocals,1.4890,18.8096,2.3204
The_Mountaineering_Club_-_Mallory__snrp10,nmf5,bass,-7.7010,-33.9171,4.1166
The_Mountaineering_Club_-_Mallory__snrp10,nmf5,drums,-13.4642,-18.4507,9.9202
The_Mountaineering_Club_-_Mallory__snrp10,nmf5,other,-15.5395,-24.9259,5.3733
The_Mountaineering_Club_-_Mallory__snrp10,nmfd8,vocals,2.8123,23.5677,5.0559
The_Mountaineering_Club_-_Mallory__snrp10,nmfd8,bass,-0.7275,-3.5583,4.5521
The_Mountaineering_Club_-_Mallory__snrp10,nmfd8,drums,-13.4642,-18.4507,9.9202
The_Mountaineering_Club_-_Mallory__snrp10,nmfd8,other,-12.5329,-23.0119,5.9299
The_Mountaineering_Club_-_Mallory__snrp3,nmf5,vocals,0.2999,-2.6661,7.3482
The_Mountaineering_Club_-_Mallory__snrp3,nmf5,bass,-5.7738,-29.0457,4.7351
The_Mountaineering_Club_-_Mallory__snrp3,nmf5,drums,-6.8462,-11.9037,9.6027
The_Mountaineering_Club_-_Mallory__snrp3,nmf5,other,-7.2611,-15.5866,3.8596
The_Mountaineering_Club_-_Mallory__snrp3,nmfd8,vocals,3.5750,17.4376,6.1522
The_Mountaineering_Club_-_Mallory__snrp3,nmfd8,bass,-0.1461,-3.0851,6.4793
The_Mountaineering_Club_-_Mallory__snrp3,nmfd8,drums,-6.8462,-11.9037,9.6027
The_Mountaineering_Club_-_Mallory__snrp3,nmfd8,other,-6.3330,-17.9202,5.6435
The_Mountaineering_Club_-_Mallory__snrm3,nmf5,vocals,1.2785,6.0817,3.1605
The_Mountaineering_Club_-_Mallory__snrm3,nmf5,bass,2.0730,-0.5905,7.2586
The_Mountaineering_Club_-_Mallory__snrm3,nmf5,drums,-2.2309,-6.5393,9.4414
The_Mountaineering_Club_-_Mallory__snrm3,nmf5,other,-2.2071,-9.5985,5.9728
The_Mountaineering_Club_-_Mallory__snrm3,nmfd8,vocals,3.9636,12.1603,6.6959
The_Mountaineering_Club_-_Mallory__snrm3,nmfd8,bass,0.1991,-3.4776,8.2249
The_Mountaineering_Club_-_Mallory__snrm3,nmfd8,drums,-2.2309,-6.5393,9.4414
The_Mountaineering_Club_-_Mallory__snrm3,nmfd8,other,-3.6292,-13.6276,5.0861
The_Sunshine_Garcia_Band_-_For_I_Am_The_Moon__snrp10,nmf5,vocals,1.5050,17.8422,2.3229
The_Sunshine_Garcia_Band_-_For_I_Am_The_Moon__snrp10,nmf5,bass,-8.6092,-28.0997,3.8114
The_Sunshine_Garcia_Band_-_For_I_Am_The_Moon__snrp10,nmf5,drums,-13.0451,-18.0982,11.5949
The_Sunshine_Garcia_Band_-_For_I_Am_The_Moon__snrp10,nmf5,other,-17.4165,-21.2053,6.4596
The_Sunshine_Garcia_Band_-_For_I_Am_The_Moon__snrp10,nmfd8,vocals,2.8294,21.5144,4.9798
The_Sunshine_Garcia_Band_-_For_I_Am_The_Moon__snrp10,nmfd8,bass,-12.7381,-24.6335,5.3969
The_Sunshine_Garcia_Band_-_For_I_Am_The_Moon__snrp10,nmfd8,drums,-13.0451,-18.0982,11.5949
The_Sunshine_Garcia_Band_-_For_I_Am_The_Moon__snrp10,nmfd8,other,-14.7728,-27.2202,6.1127
The_Sunshine_Garcia_Band_-_For_I_Am_The_Moon__snrp3,nmf5,vocals,0.0587,-15.6959,6.5959
The_Sunshine_Garcia_Band_-_For_I_Am_The_Moon__snrp3,nmf5,bass,-5.2844,-20.3902,4.4876
The_Sunshine_Garcia_Band_-_For_I_Am_The_Moon__snrp3,nmf5,drums,-6.6524,-11.6391,11.1928
The_Sunshine_Garcia_Band_-_For_I_Am_The_Moon__snrp3,nmf5,other,-9.3846,-18.7790,5.3487
The_Sunshine_Garcia_Band_-_For_I_Am_The_Moon__snrp3,nmfd8,vocals,3.5643,15.7454,6.1041
The_Sunshine_Garcia_Band_-_For_I_Am_The_Moon__snrp3,nmfd8,bass,-0.1097,-3.0938,4.8583
The_Sunshine_Garcia_Band_-_For_I_Am_The_Moon__snrp3,nmfd8,drums,-6.6524,-11.6391,11.1928
The_Sunshine_Garcia_Band_-_For_I_Am_The_Moon__snrp3,nmfd8,other,-8.7465,-19.9003,6.8626
The_Sunshine_Garcia_Band_-_For_I_Am_The_Moon__snrm3,nmf5,vocals,0.4942,-4.0118,6.1914
The_Sunshine_Garcia_Band_-_For_I_Am_The_Moon__snrm3,nmf5,bass,0.1770,-7.9549,6.6222
The_Sunshine_Garcia_Band_-_For_I_Am_The_Moon__snrm3,nmf5,drums,-2.3759,-6.8538,10.7826
The_Sunshine_Garcia_Band_-_For_I_Am_The_Moon__snrm3,nmf5,other,-3.8449,-10.2789,7.0593
The_Sunshine_Garcia_Band_-_For_I_Am_The_Moon__snrm3,nmfd8,vocals,4.1561,10.1346,6.7320
The_Sunshine_Garcia_Band_-_For_I_Am_The_Moon__snrm3,nmfd8,bass,0.0239,-5.3763,5.3525
The_Sunshine_Garcia_Band_-_For_I_Am_The_Moon__snrm3,nmfd8,drums,-2.3759,-6.8538,10.7826
The_Sunshine_Garcia_Band_-_For_I_Am_The_Moon__snrm3,nmfd8,other,-3.9924,-9.8261,5.9823
Timboz_-_Pony__snrp10,nmf5,vocals,1.3263,10.4095,2.2663
Timboz_-_Pony__snrp10,nmf5,bass,-13.3454,-40.9146,3.8689
Timboz_-_Pony__snrp10,nmf5,drums,-15.1582,-21.1729,18.4035
Timboz_-_Pony__snrp10,nmf5,other,-8.3179,-13.8795,4.9763
Timboz_-_Pony__snrp10,nmfd8,vocals,3.7652,22.2530,6.5562
Timboz_-_Pony__snrp10,nmfd8,bass,-20.1970,-32.1110,6.3966
Timboz_-_Pony__snrp10,nmfd8,drums,-15.1582,-21.1729,18.4035
Timboz_-_Pony__snrp10,nmfd8,other,-5.2702,-13.1523,8.2211
Timboz_-_Pony__snrp3,nmf5,vocals,0.2795,-8.6338,5.2070
Timboz_-_Pony__snrp3,nmf5,bass,-11.3812,-38.4879,4.4389
Timboz_-_Pony__snrp3,nmf5,drums,-8.6808,-14.8517,18.2284
Timboz_-_Pony__snrp3,nmf5,other,-3.6406,-12.1813,5.3834
Timboz_-_Pony__snrp3,nmfd8,vocals,4.8416,17.1406,8.5695
Timboz_-_Pony__snrp3,nmfd8,bass,-8.6144,-18.2785,5.8330
Timboz_-_Pony__snrp3,nmfd8,drums,-8.6808,-14.8517,18.2284
Timboz_-_Pony__snrp3,nmfd8,other,-1.1261,-8.8764,8.3626
Timboz_-_Pony__snrm3,nmf5,vocals,0.3669,-4.2277,3.9483
Timboz_-_Pony__snrm3,nmf5,bass,-7.9334,-32.9511,6.1448
Timboz_-_Pony__snrm3,nmf5,drums,-4.3239,-10.4359,17.9332
Timboz_-_Pony__snrm3,nmf5,other,-0.1623,-5.1114,8.0341
Timboz_-_Pony__snrm3,nmfd8,vocals,4.5192,11.2910,8.3007
Timboz_-_Pony__snrm3,nmfd8,bass,-2.7199,-12.3260,8.3865
Timboz_-_Pony__snrm3,nmfd8,drums,-4.3239,-10.4359,17.9332
Timboz_-_Pony__snrm3,nmfd8,other,0.9332,-3.0720,8.8190
Zeno_-_Signs__snrp10,nmf5,vocals,1.5316,19.0378,2.4160
Zeno_-_Signs__snrp10,nmf5,bass,-13.6586,-31.3802,4.0362
Zeno_-_Signs__snrp10,nmf5,drums,-11.6619,-15.9534,12.9087
Zeno_-_Signs__snrp10,nmf5,other,-15.6292,-21.8588,5.2640
Zeno_-_Signs__snrp10,nmfd8,vocals,2.9917,21.2620,5.5212
Zeno_-_Signs__snrp10,nmfd8,bass,-19.0094,-31.6609,6.4820
Zeno_-_Signs__snrp10,nmfd8,drums,-11.6619,-15.9534,12.9087
Zeno_-_Signs__snrp10,nmfd8,other,-11.8236,-21.3231,6.9974
Zeno_-_Signs__snrp3,nmf5,vocals,1.3076,11.0448,1.9969
Zeno_-_Signs__snrp3,nmf5,bass,-10.2571,-24.0266,4.4715
Zeno_-_Signs__snrp3,nmf5,drums,-5.0824,-9.1000,12.8230
Zeno_-_Signs__snrp3,nmf5,other,-8.3598,-14.8356,6.0603
Zeno_-_Signs__snrp3,nmfd8,vocals,3.8263,15.0413,6.6321
Zeno_-_Signs__snrp3,nmfd8,bass,-10.3403,-21.1167,6.1522
Zeno_-_Signs__snrp3,nmfd8,drums,-5.0824,-9.1000,12.8230
Zeno_-_Signs__snrp3,nmfd8,other,-6.0894,-16.2684,6.6083
Zeno_-_Signs__snrm3,nmf5,vocals,0.5887,-2.3932,6.2985
Zeno_-_Signs__snrm3,nmf5,bass,-7.1507,-19.9853,5.9518
Zeno_-_Signs__snrm3,nmf5,drums,-0.3488,-3.5209,12.8424
Zeno_-_Signs__snrm3,nmf5,other,-4.1104,-10.3951,5.5483
Zeno_-_Signs__snrm3,nmfd8,vocals,3.8305,9.1082,6.7999
Zeno_-_Signs__snrm3,nmfd8,bass,-4.3209,-12.7933,5.7111
Zeno_-_Signs__snrm3,nmfd8,drums,-0.3488,-3.5209,12.8424
Zeno_-_Signs__snrm3,nmfd8,other,-2.8426,-12.1941,5.8878
