mix_dir,snr_tag,armed_frame_ratio,micro_ratio,effective_ratio,armed_g,eff_g
AM_Contra_-_Heart_Peripheral__snrm3,m3,0.033,0.439,0.030,0.033,0.030
AM_Contra_-_Heart_Peripheral__snrp10,p10,0.367,0.480,0.279,0.000,0.000
AM_Contra_-_Heart_Peripheral__snrp3,p3,0.000,0.453,0.000,0.000,0.000
Al_James_-_Schoolboy_Facination__snrm3,m3,0.000,0.756,0.000,0.000,0.000
Al_James_-_Schoolboy_Facination__snrp10,p10,0.000,0.709,0.000,0.000,0.000
Al_James_-_Schoolboy_Facination__snrp3,p3,0.000,0.741,0.000,0.000,0.000
Arise_-_Run_Run_Run__snrm3,m3,0.833,0.992,0.826,0.000,0.000
Arise_-_Run_Run_Run__snrp10,p10,0.833,0.992,0.826,0.833,0.826
Arise_-_Run_Run_Run__snrp3,p3,0.833,0.992,0.826,0.833,0.826
Ben_Carrigan_-_Well_Talk_About_It_All_Tonight__snrm3,m3,0.000,0.655,0.000,0.000,0.000
Ben_Carrigan_-_Well_Talk_About_It_All_Tonight__snrp10,p10,0.067,0.673,0.065,0.000,0.000
Ben_Carrigan_-_Well_Talk_About_It_All_Tonight__snrp3,p3,0.000,0.672,0.000,0.000,0.000
Buitraker_-_Revo_X__snrm3,m3,0.000,1.000,0.000,0.000,0.000
Buitraker_-_Revo_X__snrp10,p10,0.133,1.000,0.133,0.000,0.000
Buitraker_-_Revo_X__snrp3,p3,0.000,1.000,0.000,0.000,0.000
Forkupines_-_Semantics__snrm3,m3,0.067,0.968,0.067,0.000,0.000
Forkupines_-_Semantics__snrp10,p10,0.433,0.968,0.433,0.067,0.067
Forkupines_-_Semantics__snrp3,p3,0.167,0.968,0.167,0.033,0.033
Hollow_Ground_-_Ill_Fate__snrm3,m3,0.000,0.971,0.000,0.000,0.000
Hollow_Ground_-_Ill_Fate__snrp10,p10,0.000,0.971,0.000,0.000,0.000
Hollow_Ground_-_Ill_Fate__snrp3,p3,0.000,0.971,0.000,0.000,0.000
Little_Chicagos_Finest_-_My_Own__snrm3,m3,0.000,0.956,0.000,0.000,0.000
Little_Chicagos_Finest_-_My_Own__snrp10,p10,0.000,0.968,0.000,0.000,0.000
Little_Chicagos_Finest_-_My_Own__snrp3,p3,0.000,0.965,0.000,0.000,0.000
Louis_Cressy_Band_-_Good_Time__snrm3,m3,0.000,0.759,0.000,0.000,0.000
Louis_Cressy_Band_-_Good_Time__snrp10,p10,0.100,0.765,0.100,0.000,0.000
Louis_Cressy_Band_-_Good_Time__snrp3,p3,0.000,0.765,0.000,0.000,0.000
MERC_Music_-_Knockout__snrm3,m3,0.000,0.270,0.000,0.000,0.000
MERC_Music_-_Knockout__snrp10,p10,0.000,0.583,0.000,0.000,0.000
MERC_Music_-_Knockout__snrp3,p3,0.000,0.462,0.000,0.000,0.000
Moosmusic_-_Big_Dummy_Shake__snrm3,m3,0.000,0.974,0.000,0.000,0.000
Moosmusic_-_Big_Dummy_Shake__snrp10,p10,0.000,0.974,0.000,0.000,0.000
Moosmusic_-_Big_Dummy_Shake__snrp3,p3,0.000,0.974,0.000,0.000,0.000
Motor_Tapes_-_Shore__snrm3,m3,0.000,0.998,0.000,0.000,0.000
Motor_Tapes_-_Shore__snrp10,p10,0.000,0.998,0.000,0.000,0.000
Motor_Tapes_-_Shore__snrp3,p3,0.000,0.998,0.000,0.000,0.000
PR_-_Oh_No__snrm3,m3,0.300,0.804,0.201,0.000,0.000
PR_-_Oh_No__snrp10,p10,0.833,0.810,0.697,0.000,0.000
PR_-_Oh_No__snrp3,p3,0.500,0.809,0.394,0.000,0.000
Punkdisco_-_Oral_Hygiene__snrm3,m3,0.067,0.666,0.067,0.067,0.067
Punkdisco_-_Oral_Hygiene__snrp10,p10,0.267,0.700,0.267,0.000,0.000
Punkdisco_-_Oral_Hygiene__snrp3,p3,0.233,0.698,0.233,0.000,0.000
Secretariat_-_Borderline__snrm3,m3,0.000,0.849,0.000,0.000,0.000
Secretariat_-_Borderline__snrp10,p10,0.000,0.857,0.000,0.000,0.000
Secretariat_-_Borderline__snrp3,p3,0.000,0.850,0.000,0.000,0.000
Signe_Jakobsen_-_What_Have_You_Done_To_Me__snrm3,m3,0.000,0.934,0.000,0.000,0.000
Signe_Jakobsen_-_What_Have_You_Done_To_Me__snrp10,p10,0.300,0.942,0.284,0.000,0.000
Signe_Jakobsen_-_What_Have_You_Done_To_Me__snrp3,p3,0.200,0.939,0.184,0.000,0.000
The_Mountaineering_Club_-_Mallory__snrm3,m3,0.367,1.000,0.367,0.000,0.000
The_Mountaineering_Club_-_Mallory__snrp10,p10,0.567,1.000,0.567,0.000,0.000
The_Mountaineering_Club_-_Mallory__snrp3,p3,0.567,1.000,0.567,0.000,0.000
The_Sunshine_Garcia_Band_-_For_I_Am_The_Moon__snrm3,m3,0.400,0.990,0.400,0.000,0.000
The_Sunshine_Garcia_Band_-_For_I_Am_The_Moon__snrp10,p10,0.633,0.990,0.628,0.633,0.628
The_Sunshine_Garcia_Band_-_For_I_Am_The_Moon__snrp3,p3,0.600,0.990,0.595,0.600,0.595
Timboz_-_Pony__snrm3,m3,0.000,0.902,0.000,0.000,0.000
Timboz_-_Pony__snrp10,p10,0.000,0.926,0.000,0.000,0.000
Timboz_-_Pony__snrp3,p3,0.000,0.912,0.000,0.000,0.000
Zeno_-_Signs__snrm3,m3,0.000,0.899,0.000,0.000,0.000
Zeno_-_Signs__snrp10,p10,0.433,0.910,0.408,0.000,0.000
Zeno_-_Signs__snrp3,p3,0.200,0.910,0.187,0.000,0.000
