track,excerpt_start,musdb_version,sha256_mix,sha256_vocals,sha256_bass,sha256_drums,sha256_other,rms_mix,rms_vocals,rms_bass,rms_drums,rms_other,active_mix,active_vocals,active_bass,active_drums,active_other,roles,license_note
"Al James - Schoolboy Facination","00:00:30","MUSDB18-HQ","f6336f98d761d24186f583b068c0b54fd0567601f32fbbf1795d305d87c1178b","2a4cef360e386f4a957b98420cff0396ae4f80ce38e535b98a747a89377df844","b9d9e6862ace10f1bc9b2c342d86bf7a9b25d4ad787c4adbce9434b9cfe1c852","66be01ccd727805012a6b649fd31be48b5c8420fc0ebbcd527c9ec9ce4fe803d","6b8023d66853435454b9843c640298fe119429b4f5448da08557b2814f317c65","-18.8","-22.9","-24.9","-26.9","-25.6","30","29","30","30","30","vocals,bass,drums,other","CC BY-NC-SA 4.0 or Educational"
"Punkdisco - Oral Hygiene","00:00:30","MUSDB18-HQ","5f226befa17a213a62ca57c3bffbcc19768447b371d6d6ecdad86af6d4a740c8","e81209f9794e17e2db601b2485c64f22c5a85a833e1ca3c760ddc998e5230d71","cfbf53cb9ee6b3692b3bb2a518acc7ffedb6a5ad764ffefea925f8d1aa1342e9","7c5946a19cd2f7f35da187dc9a3b8456e3c9e1b12f58735ecb033f8fa34f770f","7e182b0d2aadaabb629b22f219f2e2a8bcb3dde5e6cd60f7f89f64b41c13338f","-18.9","-30.8","-22.3","-22.5","-31.0","30","14","30","30","30","vocals,bass,drums,other","CC BY-NC-SA 4.0 or Educational"
"Forkupines - Semantics","00:00:30","MUSDB18-HQ","7f33cb98824df8f53e8a8464765696d9c003c16790264673e22cb57c2e73ae09","6440335906592228ecadd02d989b2dbc8fff2b1f3c13ce4b82a9b99258c8d2bf","a543d04efa031c1bd7bb1704b47fc00c0f49b5f076921a8961488981c181cad4","4bd777ab9cfc107277393570ee0127c9fdccc542da8b0b0ba37c7ade87186545","38013b724826a6e1ebdf739950523799ee78db3b7b05e0b8e59800220712fa54","-16.2","-24.8","-26.2","-18.2","-24.9","30","23","30","30","26","vocals,bass,drums,other","CC BY-NC-SA 4.0 or Educational"
"Buitraker - Revo X","00:00:30","MUSDB18-HQ","aa62ae5009d8823a74da18b347bbddd4aa6d202b3fee07c66aa189cb90e436ad","e7851a9a61602fe202af802180b9c2a9fff9d7369dbf8dde201252c2604fc96e","75dab5307dd72bfb601b9c00ab1573a6771a103db6592f4a33050a16423ae043","85a536f7631ee500110e37b4005e902fc458fef75b040024a9209b919a77a121","3e1ed8e1df0122e3aaac38a0b3fe56aa6fa052435d784f472809524d63bcfa65","-18.6","-33.3","-24.4","-20.7","-29.2","30","10","30","30","30","vocals,bass,drums,other","CC BY-NC-SA 4.0 or Educational"
"M.E.R.C. Music - Knockout","00:00:30","MUSDB18-HQ","034a4c15a4c737f7a0ac19cac4a5c05a5294aeeb4ab1167b2d1f3fb3f8a5296a","1ec50ecc86f3de4cf33062c5178ad66c317c68e109d9a0b77551a25c82559259","c375177add261c02cde3510c1405ab380b6ae18bdf1325b5514a9e95113f238c","4e27ff9994fe004dc6533f8e7a96daaade5060c563461acffec81265f7d43bbd","024be4819ad2a3c8826f9e328214d9cc3ae1fa1597a5db4103c66066eccb34f6","-19.1","-23.0","-28.8","-25.3","-25.3","30","30","22","30","30","vocals,bass,drums,other","CC BY-NC-SA 4.0 or Educational"
"The Sunshine Garcia Band - For I Am The Moon","00:00:30","MUSDB18-HQ","1598c6438b245e96362fddd12024b1e0f697beac580bbda67238bd89fcdc68b7","f69c32822454ce7031b66dea88708f243163ec8a305d6f33944a44b6119189d6","18bda30c3c99211d7669bad101cbed0ac5755a0015e9ecdc271dd7eb48faaa9f","9016b7d9eabd29cfdd17a8f8f9c992ced929cc8fa74520957fb6aae3b1b1fdf6","aad4064eb4e08632bf5e38e3fa614e1bc6b9c512f50f913a2817437ac67f1a07","-18.8","-24.5","-24.2","-23.3","-29.8","30","29","29","30","30","vocals,bass,drums,other","CC BY-NC-SA 4.0 or Educational"
"PR - Oh No","00:00:30","MUSDB18-HQ","17656e7066645a8cb10d696ec060c580f72985b4f52e820b8ff992573dc3b14e","b33b5cd907d20fa428536ba004fb833717aade17edd3c24e6e6f8bdbbc9fb22d","f01ae4df6ad8e1e2f458c024d1a7951b89d518db6aa461b0e7d96c4a27c47321","8ba4da52eaf1893daba132863ec0785c580db9cd3c0228aa965f008cf6ccbd7a","5906e59af85f516d785d9038251c0b7fe50ab75dcef3a6204b54942096b215a2","-17.1","-33.8","-23.7","-16.8","-25.6","30","16","28","30","27","vocals,bass,drums,other","CC BY-NC-SA 4.0 or Educational"
"Little Chicago's Finest - My Own","00:00:30","MUSDB18-HQ","fcd4cd58e718c969d57f2154c9f34d708b0e99a69fc4d33ceaa18c559e4d8dc1","0734c2dd27f91c2e03372fc3991cd96f86bb8323f75708638607796e3addea17","21645b69de0e579ca2cad93d3e554f3b56465c1f432f2270ffbc466de0299e5a","273224c06520ca7961ff019fd2ba30807aaf9b3aab10e463a1f318c26ad4bdc0","a7cb7e1131f277f3b95de4371620dc19d64036ac724fcc7b6c476d5db81f27e1","-22.1","-29.3","-33.0","-23.9","-35.1","30","30","30","29","30","vocals,bass,drums,other","CC BY-NC-SA 4.0 or Educational"
"Signe Jakobsen - What Have You Done To Me","00:00:30","MUSDB18-HQ","1a25d7ae1140b40d20b0ba947549e5eb989dcadc221247d5a59791043b2493f0","7121f2a9ad7a1ca15c21a47f790c488b09adba5018db76d7ca9f24e2d293c920","491cd82138681feb25fea04edd95075157934ac018b804a7ea64012ccb7bd5c1","2fa16de6bb1b4fca83a8808834780a8c1fd36a02fcb7d8c9f7f8b05c7a814964","0646e1fe8df75312f80c72dc264cb1d6a2063302ad92626774af376ca55453e6","-18.4","-23.2","-26.2","-25.8","-23.2","30","30","29","30","29","vocals,bass,drums,other","CC BY-NC-SA 4.0 or Educational"
"The Mountaineering Club - Mallory","00:00:30","MUSDB18-HQ","d062b4db752a9b4a53bc38fbede7dccd58615c1ffd15b7bd2c50c06be52a3ddf","71a923deeca7e2c2551a51965a1f6b92eeaf9eaf229cf0a46f239ad9d7098a26","35102d3c0dee406d0235142150b22c590b483fc07523920401e9fc3a0c50ce28","1c65fc809978136f665563aa1830d9035d09b499f7797f2031cb8ebdd0d4997f","5576eb1a14463589ccdfeb887d4484993546fd664d8558884efc8b0d48a0283e","-21.3","-28.2","-26.4","-29.0","-26.1","30","21","30","22","30","vocals,bass,drums,other","CC BY-NC-SA 4.0 or Educational"
"Speak Softly - Like Horses","00:00:30","MUSDB18-HQ","539680a673cb33b841c79cb7f54dedbfea7d5ec48178db0a261fe9d14551b517","d69b8309284982106fbb3b7b77e817dabd94ea54b7b810796a33442391798574","2d37f21aa76fd51d858306f33c66b49e0b20bdabb82fb152508e463a3231d130","d2e8cb2bd2be2bb6370f83660f361c40cad5418c6572bed2f706fd7da36483d2","371bbf64ff1e55ebfe0c7b42ad25a3991173bfa989662dfc9625774e59ef15ed","-19.3","-23.5","-91.0","-27.0","-22.9","30","25","30","30","30","vocals,bass,drums,other","CC BY-NC-SA 4.0 or Educational"
"Zeno - Signs","00:00:30","MUSDB18-HQ","6b26c045851fae6354bf76ce5ae5c12e3da7e1f53eb229fdf6c73c82b81eec87","dd2c916ecff82bb4b6885ed4242491553d05e43f577e3fd10605fa58187ef8ed","79d1a567f129f2349f143e7d55e9181c6c2040cf403cdde05820c2197dfffe99","55a9b00a316e162aad06694233ab1600258714d14eda9d8e0ddfc64d6d99a499","b59d4be93000cd175ddad4a440b43114dead74637d1008672e9a8551c0468f3b","-19.9","-27.2","-29.7","-23.6","-25.5","30","16","30","30","30","vocals,bass,drums,other","CC BY-NC-SA 4.0 or Educational"
"Hollow Ground - Ill Fate","00:00:30","MUSDB18-HQ","fa5748da2ef29eb1f24bd8e9d271b3990d3fcce29825b9f566eb8362c8288aca","c9b57abbfcc7ee32cf407eb6aefde21ae6b4d86ac11a60942d8095ae770fbd61","af53a58d8c7b4fa01b10f2d356524baaf4b65f76eb5e7faf3fe4ff71a61e1cf4","3d4353a6eb14b496d4f577a1c8fdf31d343f7526c1c2c1a5ab004f947daf40a6","237972e2f8eaa1a5d2a7165403b08bbd116ce74101c397e22872398c6f4a515d","-17.2","-27.8","-23.4","-25.1","-20.2","30","21","30","30","30","vocals,bass,drums,other","CC BY-NC-SA 4.0 or Educational"
"Timboz - Pony","00:00:30","MUSDB18-HQ","b7094e2fb8f3dc389666e404378fa48c8bb1628b3ada95f9c95e6bc546bd1c79","bcd29ee55b595f17bae5c7d5181be4df7dc4b376dc044e179a93600fd2a3f207","113fb3a288660c5fc2c38a46edf2b43ba92cef08e5e3f0da356101f1565cf8bc","19bcad9126f2c663379d7a905ab6da91dbc2cdb98665c59b957c0098bea4d564","6aa0a56c41deee26533065ed06c914ec5080b8943f50a3359c4250855f0266aa","-18.6","-30.2","-30.3","-25.4","-20.3","30","16","29","30","30","vocals,bass,drums,other","CC BY-NC-SA 4.0 or Educational"
"Moosmusic - Big Dummy Shake","00:00:30","MUSDB18-HQ","1455d0511d4f1061bed9b0cba52370aeee8dbe987bd3d490f0296e17143bbedb","118715482affa10976ecbb02ac890030ea53a1d1730ec435cfb59637f7ca2d24","e48899b99a956f14382fba0a0e26704617c8078d4d5563afd2652aa999863566","047dc627b2a883dfbd82c207f330deaff0540cd3c381f17b0d849bc096ac44b1","c34050c5859b0db7c166bd1579a9a08268096ee17128cd9a8c647edf6824b725","-15.6","-21.8","-23.1","-20.3","-21.8","30","27","30","30","30","vocals,bass,drums,other","CC BY-NC-SA 4.0 or Educational"
"Tom McKenzie - Directions","00:00:30","MUSDB18-HQ","e0950f14b92ac40f59a9c6a12b7aa4f4b3db08eec11f1b92d3e598cfac10ef1a","f81acf5f41aae366705a1217e488e06a2e11f251d8c55e70d20a299891022c1f","2d37f21aa76fd51d858306f33c66b49e0b20bdabb82fb152508e463a3231d130","7c71e45ac369729d0a0cbf91095335f7a79736473000585326e85e963dedf1c5","ce565f48d3f4c4d8fd95ad14c784e197af79adff5b84a53b565c2bfc03c95dcb","-23.1","-28.7","-91.0","-26.8","-28.3","30","20","30","10","30","vocals,bass,drums,other","CC BY-NC-SA 4.0 or Educational"
"Ben Carrigan - We'll Talk About It All Tonight","00:00:30","MUSDB18-HQ","3d88b8ef6bb248c4ecdb51c9bda97b8ab88d3dd740f386d6d31db2ee23a4b3f2","70d64528ed4846a188a7ec2ee3a3b318ba1f80f1cf792f7f67f5ceba803bbe05","e03d12a6ef439f9445d1fc2a6fafc77c90dd46b98d231c2dbfbf472bc04c5cd1","6d81ff15fae421a4ab036eca1a6d37fd49a12f78505660361b5047738a164e5f","7f7afd2f4b02566f23989c42373c8c8340fb597e502390f43e3dd6a6ef5c7b76","-19.5","-27.5","-24.4","-24.4","-26.8","30","23","30","30","30","vocals,bass,drums,other","CC BY-NC-SA 4.0 or Educational"
"Secretariat - Borderline","00:00:30","MUSDB18-HQ","a11902060d37ad3a93521c21ae15738a16e4c0b64294d885f4803d82ece4e808","0d126bfaae29a94333ad54255baa812646a73d8b1e4402c1a6f5d36321f94631","566821bc3d565b5d9965939a43f1c10e6d2f8eb0350d42698e02f17ae60b7f30","c99b4119ff3fbbbd33e66699853d04f576073959727e0107317ae5d3baedaed2","5c9fbc8627458892cfee2d05cd8e64533a3dce4c5300c29a7d783d7011c77880","-17.0","-23.5","-26.1","-28.3","-19.5","30","24","30","28","30","vocals,bass,drums,other","CC BY-NC-SA 4.0 or Educational"
"AM Contra - Heart Peripheral","00:00:30","MUSDB18-HQ","aa72fa9c044c8c61615a045b1c9ebc87b94d7bcfb677a7302be18b59f3717eaf","861642ff61d84f81a70ca3b4b8dd0fb9a8f019fb61bfe4f00d67fb115343305b","5101d44fa70e37a6e37ebf7f1cb0a381636ed4146b1ddaf5570df77a12c7fab7","db286850fe5688ad36d4284aeffffdf7bf762015ed5b5be1f8e33b282b7320dd","3b8036ce98c69c703292f8c4826e948256ef79ae9544f652f1663d1757f3797d","-17.8","-23.5","-26.4","-21.4","-25.6","30","29","15","30","30","vocals,bass,drums,other","CC BY-NC-SA 4.0 or Educational"
"Motor Tapes - Shore","00:00:30","MUSDB18-HQ","8354baf981d3cb42b57dc67616a2dc7151266bbda802e7cdad6e15fb2885af02","e0ca9d53bbdcd274b4b8c1b801e52d6392126e59a4fb6b2a284071e35db9e9ee","d535665fd51160726b6687057979205393cda6636bd6955e4bfc4271792151da","696fba777fab9f676f602275932a287d92c52fba3a91b44f5407e9a4cbbb5581","a1c6d24c50b6dc0e088b6da11290cadd2c46c03a5027fbf91a7bb0014a0aeb98","-17.5","-21.9","-26.0","-30.6","-21.1","30","18","30","30","30","vocals,bass,drums,other","CC BY-NC-SA 4.0 or Educational"
"Arise - Run Run Run","00:00:30","MUSDB18-HQ","6480484875fee0045121ef4354e4ec189181cced300fe8ea06ff4ebc49a142c2","a7ae7b2983d9f016037562f968b762c4a5aa05e3ad59b3dce4d369106ff2df31","b7ebed1d96d8a7a02d54546d90cab97f38d10bf99897979feb8bfd4398f62b5c","de92e35fdb6d755c8a8ce0e9bf593600128c3b200d2084bac9c2ee89f5aec92a","5b1178158257177f76026488b107f079f22d91a459af61dd197a2c9d9fd76833","-15.8","-24.0","-20.2","-25.3","-19.8","30","26","30","30","30","vocals,bass,drums,other","CC BY-NC-SA 4.0 or Educational"
"Skelpolu - Resurrection","00:00:30","MUSDB18-HQ","9a92d5dc77d85c8af858cf4a99af8fa3a5e7f2633141ee4fb6139350625d81b0","2d37f21aa76fd51d858306f33c66b49e0b20bdabb82fb152508e463a3231d130","f6f58fbef5085d8384a017a974d0febd2fefb7aaccfc381a5c9d7818d4b40536","f275525b31a51c158146297840d447352e2a9901a17ccc5428fa631dc0d28407","1fdfd0c89e6cf3bd6dbe0a826361c52d8610d8330f11ea17fa649f65a0f835d6","-18.1","-91.0","-19.8","-24.0","-30.3","30","30","16","18","30","vocals,bass,drums,other","CC BY-NC-SA 4.0 or Educational"
"Louis Cressy Band - Good Time","00:00:30","MUSDB18-HQ","db23e1350a275a20f5e5bc11923c3ca93cd02aee0d347551f5f664ebcb245d97","395785e9d6f63b9f5804b70fc79cb02e98a33325b93b33d54bad557a74d39c12","4b3ad310e28bd3cf3ec925bbb1e011c6f9aa167f5c088471f11735763b5920f5","3001a0cff39ada5c6c016da877978f8c63c8d6342bf0ff6cb30ff03f8c623e5e","36a9efc514fc32a4bf6a2df4f424944b6679e1236fe07e16b1423c30350fad08","-20.5","-27.9","-28.8","-25.2","-25.2","30","19","30","30","30","vocals,bass,drums,other","CC BY-NC-SA 4.0 or Educational"
